category,x,y,image,width,height
point,359,135,1090519175SB1050473_IMG_8941.JPG,2848,4272
point,693,138,1090519175SB1050473_IMG_8941.JPG,2848,4272
point,359,460,1090519175SB1050473_IMG_8941.JPG,2848,4272
point,365,788,1090519175SB1050473_IMG_8941.JPG,2848,4272
point,359,1119,1090519175SB1050473_IMG_8941.JPG,2848,4272
point,357,1453,1090519175SB1050473_IMG_8941.JPG,2848,4272
point,359,1789,1090519175SB1050473_IMG_8941.JPG,2848,4272
point,359,2125,1090519175SB1050473_IMG_8941.JPG,2848,4272
point,365,2461,1090519175SB1050473_IMG_8941.JPG,2848,4272
point,367,2797,1090519175SB1050473_IMG_8941.JPG,2848,4272
point,373,3130,1090519175SB1050473_IMG_8941.JPG,2848,4272
point,375,3463,1090519175SB1050473_IMG_8941.JPG,2848,4272
point,383,3795,1090519175SB1050473_IMG_8941.JPG,2848,4272
point,709,3792,1090519175SB1050473_IMG_8941.JPG,2848,4272
point,706,3467,1090519175SB1050473_IMG_8941.JPG,2848,4272
point,701,3131,1090519175SB1050473_IMG_8941.JPG,2848,4272
point,698,2798,1090519175SB1050473_IMG_8941.JPG,2848,4272
point,695,2459,1090519175SB1050473_IMG_8941.JPG,2848,4272
point,693,2122,1090519175SB1050473_IMG_8941.JPG,2848,4272
point,693,1786,1090519175SB1050473_IMG_8941.JPG,2848,4272
point,690,1451,1090519175SB1050473_IMG_8941.JPG,2848,4272
point,690,1117,1090519175SB1050473_IMG_8941.JPG,2848,4272
point,690,783,1090519175SB1050473_IMG_8941.JPG,2848,4272
point,690,458,1090519175SB1050473_IMG_8941.JPG,2848,4272
point,1024,452,1090519175SB1050473_IMG_8941.JPG,2848,4272
point,1024,132,1090519175SB1050473_IMG_8941.JPG,2848,4272
point,1026,781,1090519175SB1050473_IMG_8941.JPG,2848,4272
point,1026,1113,1090519175SB1050473_IMG_8941.JPG,2848,4272
point,1026,1446,1090519175SB1050473_IMG_8941.JPG,2848,4272
point,1029,1783,1090519175SB1050473_IMG_8941.JPG,2848,4272
point,1031,2119,1090519175SB1050473_IMG_8941.JPG,2848,4272
point,1031,2460,1090519175SB1050473_IMG_8941.JPG,2848,4272
point,1037,2793,1090519175SB1050473_IMG_8941.JPG,2848,4272
point,1039,3129,1090519175SB1050473_IMG_8941.JPG,2848,4272
point,1042,3463,1090519175SB1050473_IMG_8941.JPG,2848,4272
point,1042,3790,1090519175SB1050473_IMG_8941.JPG,2848,4272
point,714,4120,1090519175SB1050473_IMG_8941.JPG,2848,4272
point,383,4120,1090519175SB1050473_IMG_8941.JPG,2848,4272
point,1045,4115,1090519175SB1050473_IMG_8941.JPG,2848,4272
point,1381,4115,1090519175SB1050473_IMG_8941.JPG,2848,4272
point,1378,3792,1090519175SB1050473_IMG_8941.JPG,2848,4272
point,1377,3459,1090519175SB1050473_IMG_8941.JPG,2848,4272
point,1377,3127,1090519175SB1050473_IMG_8941.JPG,2848,4272
point,1372,2792,1090519175SB1050473_IMG_8941.JPG,2848,4272
point,1369,2456,1090519175SB1050473_IMG_8941.JPG,2848,4272
point,1369,2118,1090519175SB1050473_IMG_8941.JPG,2848,4272
point,1367,1776,1090519175SB1050473_IMG_8941.JPG,2848,4272
point,1364,1443,1090519175SB1050473_IMG_8941.JPG,2848,4272
point,1366,1109,1090519175SB1050473_IMG_8941.JPG,2848,4272
point,1366,776,1090519175SB1050473_IMG_8941.JPG,2848,4272
point,1360,451,1090519175SB1050473_IMG_8941.JPG,2848,4272
point,1358,125,1090519175SB1050473_IMG_8941.JPG,2848,4272
point,1694,125,1090519175SB1050473_IMG_8941.JPG,2848,4272
point,1696,445,1090519175SB1050473_IMG_8941.JPG,2848,4272
point,1699,776,1090519175SB1050473_IMG_8941.JPG,2848,4272
point,1702,1109,1090519175SB1050473_IMG_8941.JPG,2848,4272
point,1704,1440,1090519175SB1050473_IMG_8941.JPG,2848,4272
point,1707,1776,1090519175SB1050473_IMG_8941.JPG,2848,4272
point,1710,2112,1090519175SB1050473_IMG_8941.JPG,2848,4272
point,1710,2454,1090519175SB1050473_IMG_8941.JPG,2848,4272
point,1712,2787,1090519175SB1050473_IMG_8941.JPG,2848,4272
point,1712,3126,1090519175SB1050473_IMG_8941.JPG,2848,4272
point,1715,3456,1090519175SB1050473_IMG_8941.JPG,2848,4272
point,1718,3790,1090519175SB1050473_IMG_8941.JPG,2848,4272
point,1718,4115,1090519175SB1050473_IMG_8941.JPG,2848,4272
point,2051,4110,1090519175SB1050473_IMG_8941.JPG,2848,4272
point,2054,3787,1090519175SB1050473_IMG_8941.JPG,2848,4272
point,2379,4105,1090519175SB1050473_IMG_8941.JPG,2848,4272
point,2384,3782,1090519175SB1050473_IMG_8941.JPG,2848,4272
point,2051,3454,1090519175SB1050473_IMG_8941.JPG,2848,4272
point,2382,3448,1090519175SB1050473_IMG_8941.JPG,2848,4272
point,2051,3118,1090519175SB1050473_IMG_8941.JPG,2848,4272
point,2379,3120,1090519175SB1050473_IMG_8941.JPG,2848,4272
point,2051,2784,1090519175SB1050473_IMG_8941.JPG,2848,4272
point,2384,2787,1090519175SB1050473_IMG_8941.JPG,2848,4272
point,2048,2450,1090519175SB1050473_IMG_8941.JPG,2848,4272
point,2384,2447,1090519175SB1050473_IMG_8941.JPG,2848,4272
point,2048,2113,1090519175SB1050473_IMG_8941.JPG,2848,4272
point,2379,2113,1090519175SB1050473_IMG_8941.JPG,2848,4272
point,2046,1774,1090519175SB1050473_IMG_8941.JPG,2848,4272
point,2379,1777,1090519175SB1050473_IMG_8941.JPG,2848,4272
point,2043,1441,1090519175SB1050473_IMG_8941.JPG,2848,4272
point,2374,1441,1090519175SB1050473_IMG_8941.JPG,2848,4272
point,2040,1108,1090519175SB1050473_IMG_8941.JPG,2848,4272
point,2368,1108,1090519175SB1050473_IMG_8941.JPG,2848,4272
point,2035,777,1090519175SB1050473_IMG_8941.JPG,2848,4272
point,2363,777,1090519175SB1050473_IMG_8941.JPG,2848,4272
point,2030,445,1090519175SB1050473_IMG_8941.JPG,2848,4272
point,2361,447,1090519175SB1050473_IMG_8941.JPG,2848,4272
point,2025,122,1090519175SB1050473_IMG_8941.JPG,2848,4272
point,2355,122,1090519175SB1050473_IMG_8941.JPG,2848,4272
point,357,140,1090605175SB1050496_IMG_8938.JPG,2848,4272
point,359,460,1090605175SB1050496_IMG_8938.JPG,2848,4272
point,357,788,1090605175SB1050496_IMG_8938.JPG,2848,4272
point,362,1119,1090605175SB1050496_IMG_8938.JPG,2848,4272
point,359,1453,1090605175SB1050496_IMG_8938.JPG,2848,4272
point,354,1791,1090605175SB1050496_IMG_8938.JPG,2848,4272
point,359,2122,1090605175SB1050496_IMG_8938.JPG,2848,4272
point,359,2463,1090605175SB1050496_IMG_8938.JPG,2848,4272
point,367,2799,1090605175SB1050496_IMG_8938.JPG,2848,4272
point,370,3135,1090605175SB1050496_IMG_8938.JPG,2848,4272
point,370,3466,1090605175SB1050496_IMG_8938.JPG,2848,4272
point,375,3798,1090605175SB1050496_IMG_8938.JPG,2848,4272
point,381,4126,1090605175SB1050496_IMG_8938.JPG,2848,4272
point,709,4123,1090605175SB1050496_IMG_8938.JPG,2848,4272
point,706,3798,1090605175SB1050496_IMG_8938.JPG,2848,4272
point,701,3467,1090605175SB1050496_IMG_8938.JPG,2848,4272
point,698,3131,1090605175SB1050496_IMG_8938.JPG,2848,4272
point,693,2800,1090605175SB1050496_IMG_8938.JPG,2848,4272
point,693,2459,1090605175SB1050496_IMG_8938.JPG,2848,4272
point,690,2120,1090605175SB1050496_IMG_8938.JPG,2848,4272
point,687,1782,1090605175SB1050496_IMG_8938.JPG,2848,4272
point,685,1448,1090605175SB1050496_IMG_8938.JPG,2848,4272
point,687,1115,1090605175SB1050496_IMG_8938.JPG,2848,4272
point,687,784,1090605175SB1050496_IMG_8938.JPG,2848,4272
point,685,458,1090605175SB1050496_IMG_8938.JPG,2848,4272
point,685,138,1090605175SB1050496_IMG_8938.JPG,2848,4272
point,1021,132,1090605175SB1050496_IMG_8938.JPG,2848,4272
point,1024,452,1090605175SB1050496_IMG_8938.JPG,2848,4272
point,1024,781,1090605175SB1050496_IMG_8938.JPG,2848,4272
point,1024,1111,1090605175SB1050496_IMG_8938.JPG,2848,4272
point,1024,1442,1090605175SB1050496_IMG_8938.JPG,2848,4272
point,1026,1778,1090605175SB1050496_IMG_8938.JPG,2848,4272
point,1029,2117,1090605175SB1050496_IMG_8938.JPG,2848,4272
point,1031,2455,1090605175SB1050496_IMG_8938.JPG,2848,4272
point,1034,2794,1090605175SB1050496_IMG_8938.JPG,2848,4272
point,1034,3127,1090605175SB1050496_IMG_8938.JPG,2848,4272
point,1037,3461,1090605175SB1050496_IMG_8938.JPG,2848,4272
point,1042,3798,1090605175SB1050496_IMG_8938.JPG,2848,4272
point,1045,4120,1090605175SB1050496_IMG_8938.JPG,2848,4272
point,1381,4123,1090605175SB1050496_IMG_8938.JPG,2848,4272
point,1378,3798,1090605175SB1050496_IMG_8938.JPG,2848,4272
point,1378,3464,1090605175SB1050496_IMG_8938.JPG,2848,4272
point,1375,3128,1090605175SB1050496_IMG_8938.JPG,2848,4272
point,1373,2792,1090605175SB1050496_IMG_8938.JPG,2848,4272
point,1367,2456,1090605175SB1050496_IMG_8938.JPG,2848,4272
point,1367,2115,1090605175SB1050496_IMG_8938.JPG,2848,4272
point,1365,1782,1090605175SB1050496_IMG_8938.JPG,2848,4272
point,1362,1443,1090605175SB1050496_IMG_8938.JPG,2848,4272
point,1360,1107,1090605175SB1050496_IMG_8938.JPG,2848,4272
point,1360,776,1090605175SB1050496_IMG_8938.JPG,2848,4272
point,1357,452,1090605175SB1050496_IMG_8938.JPG,2848,4272
point,1354,130,1090605175SB1050496_IMG_8938.JPG,2848,4272
point,1688,130,1090605175SB1050496_IMG_8938.JPG,2848,4272
point,1690,450,1090605175SB1050496_IMG_8938.JPG,2848,4272
point,1696,778,1090605175SB1050496_IMG_8938.JPG,2848,4272
point,1698,1106,1090605175SB1050496_IMG_8938.JPG,2848,4272
point,1701,1442,1090605175SB1050496_IMG_8938.JPG,2848,4272
point,1703,1778,1090605175SB1050496_IMG_8938.JPG,2848,4272
point,1706,2111,1090605175SB1050496_IMG_8938.JPG,2848,4272
point,1709,2450,1090605175SB1050496_IMG_8938.JPG,2848,4272
point,1711,2786,1090605175SB1050496_IMG_8938.JPG,2848,4272
point,1714,3125,1090605175SB1050496_IMG_8938.JPG,2848,4272
point,1714,3455,1090605175SB1050496_IMG_8938.JPG,2848,4272
point,1717,3792,1090605175SB1050496_IMG_8938.JPG,2848,4272
point,1717,4118,1090605175SB1050496_IMG_8938.JPG,2848,4272
point,2053,4110,1090605175SB1050496_IMG_8938.JPG,2848,4272
point,2053,3787,1090605175SB1050496_IMG_8938.JPG,2848,4272
point,2050,3459,1090605175SB1050496_IMG_8938.JPG,2848,4272
point,2050,3120,1090605175SB1050496_IMG_8938.JPG,2848,4272
point,2047,2784,1090605175SB1050496_IMG_8938.JPG,2848,4272
point,2047,2448,1090605175SB1050496_IMG_8938.JPG,2848,4272
point,2045,2112,1090605175SB1050496_IMG_8938.JPG,2848,4272
point,2042,1776,1090605175SB1050496_IMG_8938.JPG,2848,4272
point,2040,1443,1090605175SB1050496_IMG_8938.JPG,2848,4272
point,2034,1104,1090605175SB1050496_IMG_8938.JPG,2848,4272
point,2029,779,1090605175SB1050496_IMG_8938.JPG,2848,4272
point,2024,452,1090605175SB1050496_IMG_8938.JPG,2848,4272
point,2021,130,1090605175SB1050496_IMG_8938.JPG,2848,4272
point,2341,130,1090605175SB1050496_IMG_8938.JPG,2848,4272
point,2349,450,1090605175SB1050496_IMG_8938.JPG,2848,4272
point,2357,778,1090605175SB1050496_IMG_8938.JPG,2848,4272
point,2365,1111,1090605175SB1050496_IMG_8938.JPG,2848,4272
point,2368,1439,1090605175SB1050496_IMG_8938.JPG,2848,4272
point,2370,1773,1090605175SB1050496_IMG_8938.JPG,2848,4272
point,2373,2106,1090605175SB1050496_IMG_8938.JPG,2848,4272
point,2373,2447,1090605175SB1050496_IMG_8938.JPG,2848,4272
point,2378,2783,1090605175SB1050496_IMG_8938.JPG,2848,4272
point,2378,3119,1090605175SB1050496_IMG_8938.JPG,2848,4272
point,2381,3454,1090605175SB1050496_IMG_8938.JPG,2848,4272
point,2381,3782,1090605175SB1050496_IMG_8938.JPG,2848,4272
point,2381,4105,1090605175SB1050496_IMG_8938.JPG,2848,4272
point,344,140,G11J01157246_IMG_8908.JPG,2848,4272
point,349,466,G11J01157246_IMG_8908.JPG,2848,4272
point,344,794,G11J01157246_IMG_8908.JPG,2848,4272
point,342,1131,G11J01157246_IMG_8908.JPG,2848,4272
point,342,1469,G11J01157246_IMG_8908.JPG,2848,4272
point,344,1811,G11J01157246_IMG_8908.JPG,2848,4272
point,342,2149,G11J01157246_IMG_8908.JPG,2848,4272
point,342,2491,G11J01157246_IMG_8908.JPG,2848,4272
point,342,2829,G11J01157246_IMG_8908.JPG,2848,4272
point,347,3168,G11J01157246_IMG_8908.JPG,2848,4272
point,350,3507,G11J01157246_IMG_8908.JPG,2848,4272
point,355,3843,G11J01157246_IMG_8908.JPG,2848,4272
point,358,4179,G11J01157246_IMG_8908.JPG,2848,4272
point,694,4165,G11J01157246_IMG_8908.JPG,2848,4272
point,691,3843,G11J01157246_IMG_8908.JPG,2848,4272
point,688,3507,G11J01157246_IMG_8908.JPG,2848,4272
point,686,3173,G11J01157246_IMG_8908.JPG,2848,4272
point,683,2829,G11J01157246_IMG_8908.JPG,2848,4272
point,680,2491,G11J01157246_IMG_8908.JPG,2848,4272
point,680,2147,G11J01157246_IMG_8908.JPG,2848,4272
point,678,1808,G11J01157246_IMG_8908.JPG,2848,4272
point,680,1472,G11J01157246_IMG_8908.JPG,2848,4272
point,680,1136,G11J01157246_IMG_8908.JPG,2848,4272
point,680,797,G11J01157246_IMG_8908.JPG,2848,4272
point,683,464,G11J01157246_IMG_8908.JPG,2848,4272
point,683,143,G11J01157246_IMG_8908.JPG,2848,4272
point,1019,146,G11J01157246_IMG_8908.JPG,2848,4272
point,1019,466,G11J01157246_IMG_8908.JPG,2848,4272
point,1019,802,G11J01157246_IMG_8908.JPG,2848,4272
point,1022,1132,G11J01157246_IMG_8908.JPG,2848,4272
point,1022,1468,G11J01157246_IMG_8908.JPG,2848,4272
point,1019,1810,G11J01157246_IMG_8908.JPG,2848,4272
point,1022,2151,G11J01157246_IMG_8908.JPG,2848,4272
point,1024,2487,G11J01157246_IMG_8908.JPG,2848,4272
point,1027,2826,G11J01157246_IMG_8908.JPG,2848,4272
point,1030,3170,G11J01157246_IMG_8908.JPG,2848,4272
point,1030,3503,G11J01157246_IMG_8908.JPG,2848,4272
point,1032,3848,G11J01157246_IMG_8908.JPG,2848,4272
point,1032,4168,G11J01157246_IMG_8908.JPG,2848,4272
point,1368,4163,G11J01157246_IMG_8908.JPG,2848,4272
point,1371,3835,G11J01157246_IMG_8908.JPG,2848,4272
point,1368,3499,G11J01157246_IMG_8908.JPG,2848,4272
point,1368,3163,G11J01157246_IMG_8908.JPG,2848,4272
point,1363,2824,G11J01157246_IMG_8908.JPG,2848,4272
point,1363,2485,G11J01157246_IMG_8908.JPG,2848,4272
point,1363,2147,G11J01157246_IMG_8908.JPG,2848,4272
point,1363,1811,G11J01157246_IMG_8908.JPG,2848,4272
point,1363,1469,G11J01157246_IMG_8908.JPG,2848,4272
point,1360,1131,G11J01157246_IMG_8908.JPG,2848,4272
point,1358,800,G11J01157246_IMG_8908.JPG,2848,4272
point,1358,471,G11J01157246_IMG_8908.JPG,2848,4272
point,1355,146,G11J01157246_IMG_8908.JPG,2848,4272
point,1688,148,G11J01157246_IMG_8908.JPG,2848,4272
point,1688,474,G11J01157246_IMG_8908.JPG,2848,4272
point,1694,804,G11J01157246_IMG_8908.JPG,2848,4272
point,1696,1132,G11J01157246_IMG_8908.JPG,2848,4272
point,1696,1474,G11J01157246_IMG_8908.JPG,2848,4272
point,1699,1810,G11J01157246_IMG_8908.JPG,2848,4272
point,1702,2146,G11J01157246_IMG_8908.JPG,2848,4272
point,1702,2487,G11J01157246_IMG_8908.JPG,2848,4272
point,1707,2826,G11J01157246_IMG_8908.JPG,2848,4272
point,1707,3165,G11J01157246_IMG_8908.JPG,2848,4272
point,1702,3496,G11J01157246_IMG_8908.JPG,2848,4272
point,1704,3829,G11J01157246_IMG_8908.JPG,2848,4272
point,1704,4150,G11J01157246_IMG_8908.JPG,2848,4272
point,2032,4144,G11J01157246_IMG_8908.JPG,2848,4272
point,2040,3819,G11J01157246_IMG_8908.JPG,2848,4272
point,2038,3485,G11J01157246_IMG_8908.JPG,2848,4272
point,2040,3152,G11J01157246_IMG_8908.JPG,2848,4272
point,2040,2819,G11J01157246_IMG_8908.JPG,2848,4272
point,2040,2480,G11J01157246_IMG_8908.JPG,2848,4272
point,2035,2147,G11J01157246_IMG_8908.JPG,2848,4272
point,2035,1808,G11J01157246_IMG_8908.JPG,2848,4272
point,2032,1472,G11J01157246_IMG_8908.JPG,2848,4272
point,2030,1136,G11J01157246_IMG_8908.JPG,2848,4272
point,2025,805,G11J01157246_IMG_8908.JPG,2848,4272
point,2022,480,G11J01157246_IMG_8908.JPG,2848,4272
point,2019,159,G11J01157246_IMG_8908.JPG,2848,4272
point,2347,161,G11J01157246_IMG_8908.JPG,2848,4272
point,2347,482,G11J01157246_IMG_8908.JPG,2848,4272
point,2350,812,G11J01157246_IMG_8908.JPG,2848,4272
point,2358,1138,G11J01157246_IMG_8908.JPG,2848,4272
point,2358,1471,G11J01157246_IMG_8908.JPG,2848,4272
point,2368,1804,G11J01157246_IMG_8908.JPG,2848,4272
point,2368,2138,G11J01157246_IMG_8908.JPG,2848,4272
point,2371,2477,G11J01157246_IMG_8908.JPG,2848,4272
point,2368,2815,G11J01157246_IMG_8908.JPG,2848,4272
point,2368,3149,G11J01157246_IMG_8908.JPG,2848,4272
point,2363,3482,G11J01157246_IMG_8908.JPG,2848,4272
point,2363,3814,G11J01157246_IMG_8908.JPG,2848,4272
point,2361,4138,G11J01157246_IMG_8908.JPG,2848,4272
point,481,156,LRP504033180901041029_IMG_8655.JPG,2848,4272
point,476,476,LRP504033180901041029_IMG_8655.JPG,2848,4272
point,471,799,LRP504033180901041029_IMG_8655.JPG,2848,4272
point,471,1124,LRP504033180901041029_IMG_8655.JPG,2848,4272
point,465,1453,LRP504033180901041029_IMG_8655.JPG,2848,4272
point,465,1783,LRP504033180901041029_IMG_8655.JPG,2848,4272
point,460,2114,LRP504033180901041029_IMG_8655.JPG,2848,4272
point,460,2447,LRP504033180901041029_IMG_8655.JPG,2848,4272
point,457,2778,LRP504033180901041029_IMG_8655.JPG,2848,4272
point,460,3109,LRP504033180901041029_IMG_8655.JPG,2848,4272
point,460,3434,LRP504033180901041029_IMG_8655.JPG,2848,4272
point,465,3760,LRP504033180901041029_IMG_8655.JPG,2848,4272
point,468,4086,LRP504033180901041029_IMG_8655.JPG,2848,4272
point,793,4083,LRP504033180901041029_IMG_8655.JPG,2848,4272
point,793,3766,LRP504033180901041029_IMG_8655.JPG,2848,4272
point,791,3440,LRP504033180901041029_IMG_8655.JPG,2848,4272
point,788,3110,LRP504033180901041029_IMG_8655.JPG,2848,4272
point,791,2784,LRP504033180901041029_IMG_8655.JPG,2848,4272
point,788,2448,LRP504033180901041029_IMG_8655.JPG,2848,4272
point,788,2115,LRP504033180901041029_IMG_8655.JPG,2848,4272
point,791,1784,LRP504033180901041029_IMG_8655.JPG,2848,4272
point,793,1456,LRP504033180901041029_IMG_8655.JPG,2848,4272
point,1127,1456,LRP504033180901041029_IMG_8655.JPG,2848,4272
point,1127,1787,LRP504033180901041029_IMG_8655.JPG,2848,4272
point,1127,2118,LRP504033180901041029_IMG_8655.JPG,2848,4272
point,1124,2451,LRP504033180901041029_IMG_8655.JPG,2848,4272
point,1127,2787,LRP504033180901041029_IMG_8655.JPG,2848,4272
point,1124,3115,LRP504033180901041029_IMG_8655.JPG,2848,4272
point,1127,3443,LRP504033180901041029_IMG_8655.JPG,2848,4272
point,1124,3766,LRP504033180901041029_IMG_8655.JPG,2848,4272
point,1127,4089,LRP504033180901041029_IMG_8655.JPG,2848,4272
point,1452,4086,LRP504033180901041029_IMG_8655.JPG,2848,4272
point,1457,3769,LRP504033180901041029_IMG_8655.JPG,2848,4272
point,1455,3443,LRP504033180901041029_IMG_8655.JPG,2848,4272
point,1457,3112,LRP504033180901041029_IMG_8655.JPG,2848,4272
point,1460,2782,LRP504033180901041029_IMG_8655.JPG,2848,4272
point,1457,2454,LRP504033180901041029_IMG_8655.JPG,2848,4272
point,1460,2115,LRP504033180901041029_IMG_8655.JPG,2848,4272
point,1460,1787,LRP504033180901041029_IMG_8655.JPG,2848,4272
point,1460,1456,LRP504033180901041029_IMG_8655.JPG,2848,4272
point,1463,1125,LRP504033180901041029_IMG_8655.JPG,2848,4272
point,1129,1125,LRP504033180901041029_IMG_8655.JPG,2848,4272
point,796,1123,LRP504033180901041029_IMG_8655.JPG,2848,4272
point,799,800,LRP504033180901041029_IMG_8655.JPG,2848,4272
point,1132,797,LRP504033180901041029_IMG_8655.JPG,2848,4272
point,1460,803,LRP504033180901041029_IMG_8655.JPG,2848,4272
point,1465,480,LRP504033180901041029_IMG_8655.JPG,2848,4272
point,1132,480,LRP504033180901041029_IMG_8655.JPG,2848,4272
point,804,474,LRP504033180901041029_IMG_8655.JPG,2848,4272
point,807,153,LRP504033180901041029_IMG_8655.JPG,2848,4272
point,1137,159,LRP504033180901041029_IMG_8655.JPG,2848,4272
point,1460,156,LRP504033180901041029_IMG_8655.JPG,2848,4272
point,1793,161,LRP504033180901041029_IMG_8655.JPG,2848,4272
point,1791,482,LRP504033180901041029_IMG_8655.JPG,2848,4272
point,2122,482,LRP504033180901041029_IMG_8655.JPG,2848,4272
point,2116,167,LRP504033180901041029_IMG_8655.JPG,2848,4272
point,2439,175,LRP504033180901041029_IMG_8655.JPG,2848,4272
point,2444,487,LRP504033180901041029_IMG_8655.JPG,2848,4272
point,2122,807,LRP504033180901041029_IMG_8655.JPG,2848,4272
point,1793,804,LRP504033180901041029_IMG_8655.JPG,2848,4272
point,1793,1130,LRP504033180901041029_IMG_8655.JPG,2848,4272
point,2124,1132,LRP504033180901041029_IMG_8655.JPG,2848,4272
point,2444,810,LRP504033180901041029_IMG_8655.JPG,2848,4272
point,2450,1135,LRP504033180901041029_IMG_8655.JPG,2848,4272
point,2127,1461,LRP504033180901041029_IMG_8655.JPG,2848,4272
point,1793,1455,LRP504033180901041029_IMG_8655.JPG,2848,4272
point,1796,1789,LRP504033180901041029_IMG_8655.JPG,2848,4272
point,2124,1789,LRP504033180901041029_IMG_8655.JPG,2848,4272
point,2450,1791,LRP504033180901041029_IMG_8655.JPG,2848,4272
point,2450,1463,LRP504033180901041029_IMG_8655.JPG,2848,4272
point,1793,2121,LRP504033180901041029_IMG_8655.JPG,2848,4272
point,2124,2121,LRP504033180901041029_IMG_8655.JPG,2848,4272
point,2455,2118,LRP504033180901041029_IMG_8655.JPG,2848,4272
point,2127,2452,LRP504033180901041029_IMG_8655.JPG,2848,4272
point,1793,2452,LRP504033180901041029_IMG_8655.JPG,2848,4272
point,1791,2782,LRP504033180901041029_IMG_8655.JPG,2848,4272
point,2127,2782,LRP504033180901041029_IMG_8655.JPG,2848,4272
point,2450,2779,LRP504033180901041029_IMG_8655.JPG,2848,4272
point,2452,2448,LRP504033180901041029_IMG_8655.JPG,2848,4272
point,1791,3112,LRP504033180901041029_IMG_8655.JPG,2848,4272
point,2122,3110,LRP504033180901041029_IMG_8655.JPG,2848,4272
point,2119,3438,LRP504033180901041029_IMG_8655.JPG,2848,4272
point,1788,3440,LRP504033180901041029_IMG_8655.JPG,2848,4272
point,2444,3433,LRP504033180901041029_IMG_8655.JPG,2848,4272
point,2447,3110,LRP504033180901041029_IMG_8655.JPG,2848,4272
point,2442,3766,LRP504033180901041029_IMG_8655.JPG,2848,4272
point,2116,3763,LRP504033180901041029_IMG_8655.JPG,2848,4272
point,1786,3763,LRP504033180901041029_IMG_8655.JPG,2848,4272
point,1783,4083,LRP504033180901041029_IMG_8655.JPG,2848,4272
point,2116,4083,LRP504033180901041029_IMG_8655.JPG,2848,4272
point,2439,4078,LRP504033180901041029_IMG_8655.JPG,2848,4272
point,388,79,LRP504038180800659912_IMG_8796.JPG,2848,4272
point,388,413,LRP504038180800659912_IMG_8796.JPG,2848,4272
point,730,410,LRP504038180800659912_IMG_8796.JPG,2848,4272
point,730,79,LRP504038180800659912_IMG_8796.JPG,2848,4272
point,386,751,LRP504038180800659912_IMG_8796.JPG,2848,4272
point,381,1093,LRP504038180800659912_IMG_8796.JPG,2848,4272
point,375,1439,LRP504038180800659912_IMG_8796.JPG,2848,4272
point,378,1786,LRP504038180800659912_IMG_8796.JPG,2848,4272
point,375,2135,LRP504038180800659912_IMG_8796.JPG,2848,4272
point,375,2482,LRP504038180800659912_IMG_8796.JPG,2848,4272
point,378,2826,LRP504038180800659912_IMG_8796.JPG,2848,4272
point,381,3172,LRP504038180800659912_IMG_8796.JPG,2848,4272
point,386,3514,LRP504038180800659912_IMG_8796.JPG,2848,4272
point,386,3853,LRP504038180800659912_IMG_8796.JPG,2848,4272
point,388,4187,LRP504038180800659912_IMG_8796.JPG,2848,4272
point,727,4187,LRP504038180800659912_IMG_8796.JPG,2848,4272
point,722,3859,LRP504038180800659912_IMG_8796.JPG,2848,4272
point,722,3520,LRP504038180800659912_IMG_8796.JPG,2848,4272
point,1068,3517,LRP504038180800659912_IMG_8796.JPG,2848,4272
point,1071,3859,LRP504038180800659912_IMG_8796.JPG,2848,4272
point,1074,4192,LRP504038180800659912_IMG_8796.JPG,2848,4272
point,1418,4192,LRP504038180800659912_IMG_8796.JPG,2848,4272
point,1418,3861,LRP504038180800659912_IMG_8796.JPG,2848,4272
point,1420,3523,LRP504038180800659912_IMG_8796.JPG,2848,4272
point,1068,3179,LRP504038180800659912_IMG_8796.JPG,2848,4272
point,722,3171,LRP504038180800659912_IMG_8796.JPG,2848,4272
point,1418,3179,LRP504038180800659912_IMG_8796.JPG,2848,4272
point,1764,3859,LRP504038180800659912_IMG_8796.JPG,2848,4272
point,1762,4195,LRP504038180800659912_IMG_8796.JPG,2848,4272
point,2106,4189,LRP504038180800659912_IMG_8796.JPG,2848,4272
point,2111,3859,LRP504038180800659912_IMG_8796.JPG,2848,4272
point,2116,3517,LRP504038180800659912_IMG_8796.JPG,2848,4272
point,1767,3517,LRP504038180800659912_IMG_8796.JPG,2848,4272
point,1767,3179,LRP504038180800659912_IMG_8796.JPG,2848,4272
point,1767,2832,LRP504038180800659912_IMG_8796.JPG,2848,4272
point,1423,2832,LRP504038180800659912_IMG_8796.JPG,2848,4272
point,1068,2835,LRP504038180800659912_IMG_8796.JPG,2848,4272
point,1066,2485,LRP504038180800659912_IMG_8796.JPG,2848,4272
point,719,2832,LRP504038180800659912_IMG_8796.JPG,2848,4272
point,719,2485,LRP504038180800659912_IMG_8796.JPG,2848,4272
point,719,2136,LRP504038180800659912_IMG_8796.JPG,2848,4272
point,719,1787,LRP504038180800659912_IMG_8796.JPG,2848,4272
point,719,1440,LRP504038180800659912_IMG_8796.JPG,2848,4272
point,722,1094,LRP504038180800659912_IMG_8796.JPG,2848,4272
point,725,750,LRP504038180800659912_IMG_8796.JPG,2848,4272
point,1074,747,LRP504038180800659912_IMG_8796.JPG,2848,4272
point,1074,407,LRP504038180800659912_IMG_8796.JPG,2848,4272
point,1074,71,LRP504038180800659912_IMG_8796.JPG,2848,4272
point,1068,1087,LRP504038180800659912_IMG_8796.JPG,2848,4272
point,1068,1434,LRP504038180800659912_IMG_8796.JPG,2848,4272
point,1068,1783,LRP504038180800659912_IMG_8796.JPG,2848,4272
point,1068,2135,LRP504038180800659912_IMG_8796.JPG,2848,4272
point,1418,2135,LRP504038180800659912_IMG_8796.JPG,2848,4272
point,1420,2487,LRP504038180800659912_IMG_8796.JPG,2848,4272
point,1418,1783,LRP504038180800659912_IMG_8796.JPG,2848,4272
point,1418,1434,LRP504038180800659912_IMG_8796.JPG,2848,4272
point,1418,1087,LRP504038180800659912_IMG_8796.JPG,2848,4272
point,1418,743,LRP504038180800659912_IMG_8796.JPG,2848,4272
point,1420,405,LRP504038180800659912_IMG_8796.JPG,2848,4272
point,1423,69,LRP504038180800659912_IMG_8796.JPG,2848,4272
point,1767,69,LRP504038180800659912_IMG_8796.JPG,2848,4272
point,1767,400,LRP504038180800659912_IMG_8796.JPG,2848,4272
point,1767,746,LRP504038180800659912_IMG_8796.JPG,2848,4272
point,1767,1087,LRP504038180800659912_IMG_8796.JPG,2848,4272
point,1770,1434,LRP504038180800659912_IMG_8796.JPG,2848,4272
point,1770,1783,LRP504038180800659912_IMG_8796.JPG,2848,4272
point,1770,2133,LRP504038180800659912_IMG_8796.JPG,2848,4272
point,1772,2482,LRP504038180800659912_IMG_8796.JPG,2848,4272
point,2450,4189,LRP504038180800659912_IMG_8796.JPG,2848,4272
point,2450,3856,LRP504038180800659912_IMG_8796.JPG,2848,4272
point,2455,3515,LRP504038180800659912_IMG_8796.JPG,2848,4272
point,2458,3173,LRP504038180800659912_IMG_8796.JPG,2848,4272
point,2116,3176,LRP504038180800659912_IMG_8796.JPG,2848,4272
point,2116,2829,LRP504038180800659912_IMG_8796.JPG,2848,4272
point,2463,2832,LRP504038180800659912_IMG_8796.JPG,2848,4272
point,2460,2483,LRP504038180800659912_IMG_8796.JPG,2848,4272
point,2122,2483,LRP504038180800659912_IMG_8796.JPG,2848,4272
point,2119,2133,LRP504038180800659912_IMG_8796.JPG,2848,4272
point,2465,2136,LRP504038180800659912_IMG_8796.JPG,2848,4272
point,2463,1787,LRP504038180800659912_IMG_8796.JPG,2848,4272
point,2122,1787,LRP504038180800659912_IMG_8796.JPG,2848,4272
point,2119,1438,LRP504038180800659912_IMG_8796.JPG,2848,4272
point,2465,1438,LRP504038180800659912_IMG_8796.JPG,2848,4272
point,2458,1091,LRP504038180800659912_IMG_8796.JPG,2848,4272
point,2116,1088,LRP504038180800659912_IMG_8796.JPG,2848,4272
point,2116,747,LRP504038180800659912_IMG_8796.JPG,2848,4272
point,2460,750,LRP504038180800659912_IMG_8796.JPG,2848,4272
point,2452,407,LRP504038180800659912_IMG_8796.JPG,2848,4272
point,2111,405,LRP504038180800659912_IMG_8796.JPG,2848,4272
point,2111,69,LRP504038180800659912_IMG_8796.JPG,2848,4272
point,2452,71,LRP504038180800659912_IMG_8796.JPG,2848,4272
point,418,77,LRP504038181000167060_IMG_8716.JPG,2848,4272
point,412,405,LRP504038181000167060_IMG_8716.JPG,2848,4272
point,407,738,LRP504038181000167060_IMG_8716.JPG,2848,4272
point,407,1077,LRP504038181000167060_IMG_8716.JPG,2848,4272
point,402,1413,LRP504038181000167060_IMG_8716.JPG,2848,4272
point,399,1757,LRP504038181000167060_IMG_8716.JPG,2848,4272
point,399,2101,LRP504038181000167060_IMG_8716.JPG,2848,4272
point,394,2439,LRP504038181000167060_IMG_8716.JPG,2848,4272
point,396,2783,LRP504038181000167060_IMG_8716.JPG,2848,4272
point,396,3125,LRP504038181000167060_IMG_8716.JPG,2848,4272
point,396,3461,LRP504038181000167060_IMG_8716.JPG,2848,4272
point,402,3798,LRP504038181000167060_IMG_8716.JPG,2848,4272
point,407,4126,LRP504038181000167060_IMG_8716.JPG,2848,4272
point,738,4128,LRP504038181000167060_IMG_8716.JPG,2848,4272
point,735,3798,LRP504038181000167060_IMG_8716.JPG,2848,4272
point,732,3462,LRP504038181000167060_IMG_8716.JPG,2848,4272
point,730,3128,LRP504038181000167060_IMG_8716.JPG,2848,4272
point,735,2787,LRP504038181000167060_IMG_8716.JPG,2848,4272
point,732,2443,LRP504038181000167060_IMG_8716.JPG,2848,4272
point,735,2102,LRP504038181000167060_IMG_8716.JPG,2848,4272
point,735,1758,LRP504038181000167060_IMG_8716.JPG,2848,4272
point,740,1419,LRP504038181000167060_IMG_8716.JPG,2848,4272
point,740,1075,LRP504038181000167060_IMG_8716.JPG,2848,4272
point,746,736,LRP504038181000167060_IMG_8716.JPG,2848,4272
point,751,405,LRP504038181000167060_IMG_8716.JPG,2848,4272
point,754,77,LRP504038181000167060_IMG_8716.JPG,2848,4272
point,1095,74,LRP504038181000167060_IMG_8716.JPG,2848,4272
point,1095,405,LRP504038181000167060_IMG_8716.JPG,2848,4272
point,1090,738,LRP504038181000167060_IMG_8716.JPG,2848,4272
point,1087,1072,LRP504038181000167060_IMG_8716.JPG,2848,4272
point,1084,1413,LRP504038181000167060_IMG_8716.JPG,2848,4272
point,1084,1754,LRP504038181000167060_IMG_8716.JPG,2848,4272
point,1082,2098,LRP504038181000167060_IMG_8716.JPG,2848,4272
point,1079,2442,LRP504038181000167060_IMG_8716.JPG,2848,4272
point,1076,2789,LRP504038181000167060_IMG_8716.JPG,2848,4272
point,1079,3127,LRP504038181000167060_IMG_8716.JPG,2848,4272
point,1076,3466,LRP504038181000167060_IMG_8716.JPG,2848,4272
point,1079,3802,LRP504038181000167060_IMG_8716.JPG,2848,4272
point,1076,4131,LRP504038181000167060_IMG_8716.JPG,2848,4272
point,1418,4134,LRP504038181000167060_IMG_8716.JPG,2848,4272
point,1418,3803,LRP504038181000167060_IMG_8716.JPG,2848,4272
point,1418,3470,LRP504038181000167060_IMG_8716.JPG,2848,4272
point,1420,3134,LRP504038181000167060_IMG_8716.JPG,2848,4272
point,1423,2787,LRP504038181000167060_IMG_8716.JPG,2848,4272
point,1423,2446,LRP504038181000167060_IMG_8716.JPG,2848,4272
point,1423,2104,LRP504038181000167060_IMG_8716.JPG,2848,4272
point,1428,1755,LRP504038181000167060_IMG_8716.JPG,2848,4272
point,1428,1416,LRP504038181000167060_IMG_8716.JPG,2848,4272
point,1431,1072,LRP504038181000167060_IMG_8716.JPG,2848,4272
point,1431,739,LRP504038181000167060_IMG_8716.JPG,2848,4272
point,1434,402,LRP504038181000167060_IMG_8716.JPG,2848,4272
point,1434,74,LRP504038181000167060_IMG_8716.JPG,2848,4272
point,1772,79,LRP504038181000167060_IMG_8716.JPG,2848,4272
point,1775,402,LRP504038181000167060_IMG_8716.JPG,2848,4272
point,1775,741,LRP504038181000167060_IMG_8716.JPG,2848,4272
point,1775,1080,LRP504038181000167060_IMG_8716.JPG,2848,4272
point,1775,1418,LRP504038181000167060_IMG_8716.JPG,2848,4272
point,1772,1762,LRP504038181000167060_IMG_8716.JPG,2848,4272
point,1775,2101,LRP504038181000167060_IMG_8716.JPG,2848,4272
point,1770,2447,LRP504038181000167060_IMG_8716.JPG,2848,4272
point,1770,2791,LRP504038181000167060_IMG_8716.JPG,2848,4272
point,1767,3133,LRP504038181000167060_IMG_8716.JPG,2848,4272
point,1762,3471,LRP504038181000167060_IMG_8716.JPG,2848,4272
point,1762,3802,LRP504038181000167060_IMG_8716.JPG,2848,4272
point,1762,4139,LRP504038181000167060_IMG_8716.JPG,2848,4272
point,2100,4131,LRP504038181000167060_IMG_8716.JPG,2848,4272
point,2100,3803,LRP504038181000167060_IMG_8716.JPG,2848,4272
point,2106,3467,LRP504038181000167060_IMG_8716.JPG,2848,4272
point,2444,3470,LRP504038181000167060_IMG_8716.JPG,2848,4272
point,2439,3800,LRP504038181000167060_IMG_8716.JPG,2848,4272
point,2436,4139,LRP504038181000167060_IMG_8716.JPG,2848,4272
point,2452,3131,LRP504038181000167060_IMG_8716.JPG,2848,4272
point,2111,3131,LRP504038181000167060_IMG_8716.JPG,2848,4272
point,2111,2792,LRP504038181000167060_IMG_8716.JPG,2848,4272
point,2450,2792,LRP504038181000167060_IMG_8716.JPG,2848,4272
point,2460,2448,LRP504038181000167060_IMG_8716.JPG,2848,4272
point,2116,2451,LRP504038181000167060_IMG_8716.JPG,2848,4272
point,2119,2107,LRP504038181000167060_IMG_8716.JPG,2848,4272
point,2455,2107,LRP504038181000167060_IMG_8716.JPG,2848,4272
point,2455,1768,LRP504038181000167060_IMG_8716.JPG,2848,4272
point,2116,1760,LRP504038181000167060_IMG_8716.JPG,2848,4272
point,2116,1422,LRP504038181000167060_IMG_8716.JPG,2848,4272
point,2458,1422,LRP504038181000167060_IMG_8716.JPG,2848,4272
point,2455,1086,LRP504038181000167060_IMG_8716.JPG,2848,4272
point,2116,1080,LRP504038181000167060_IMG_8716.JPG,2848,4272
point,2116,742,LRP504038181000167060_IMG_8716.JPG,2848,4272
point,2455,750,LRP504038181000167060_IMG_8716.JPG,2848,4272
point,2450,411,LRP504038181000167060_IMG_8716.JPG,2848,4272
point,2116,408,LRP504038181000167060_IMG_8716.JPG,2848,4272
point,2111,79,LRP504038181000167060_IMG_8716.JPG,2848,4272
point,2444,85,LRP504038181000167060_IMG_8716.JPG,2848,4272
point,740,384,LRE504055180800401088_IMG_8667.JPG,2848,4272
point,1086,381,LRE504055180800401088_IMG_8667.JPG,2848,4272
point,1430,381,LRE504055180800401088_IMG_8667.JPG,2848,4272
point,1777,381,LRE504055180800401088_IMG_8667.JPG,2848,4272
point,2121,384,LRE504055180800401088_IMG_8667.JPG,2848,4272
point,2123,725,LRE504055180800401088_IMG_8667.JPG,2848,4272
point,2126,1066,LRE504055180800401088_IMG_8667.JPG,2848,4272
point,2126,1410,LRE504055180800401088_IMG_8667.JPG,2848,4272
point,2126,1757,LRE504055180800401088_IMG_8667.JPG,2848,4272
point,2126,2106,LRE504055180800401088_IMG_8667.JPG,2848,4272
point,2126,2453,LRE504055180800401088_IMG_8667.JPG,2848,4272
point,2123,2799,LRE504055180800401088_IMG_8667.JPG,2848,4272
point,2121,3143,LRE504055180800401088_IMG_8667.JPG,2848,4272
point,2118,3482,LRE504055180800401088_IMG_8667.JPG,2848,4272
point,2115,3824,LRE504055180800401088_IMG_8667.JPG,2848,4272
point,1771,3824,LRE504055180800401088_IMG_8667.JPG,2848,4272
point,1771,3485,LRE504055180800401088_IMG_8667.JPG,2848,4272
point,1774,3144,LRE504055180800401088_IMG_8667.JPG,2848,4272
point,1774,2800,LRE504055180800401088_IMG_8667.JPG,2848,4272
point,1777,2454,LRE504055180800401088_IMG_8667.JPG,2848,4272
point,1779,2107,LRE504055180800401088_IMG_8667.JPG,2848,4272
point,1779,1760,LRE504055180800401088_IMG_8667.JPG,2848,4272
point,1779,1411,LRE504055180800401088_IMG_8667.JPG,2848,4272
point,1779,1065,LRE504055180800401088_IMG_8667.JPG,2848,4272
point,1774,720,LRE504055180800401088_IMG_8667.JPG,2848,4272
point,1430,720,LRE504055180800401088_IMG_8667.JPG,2848,4272
point,1430,1061,LRE504055180800401088_IMG_8667.JPG,2848,4272
point,1430,1410,LRE504055180800401088_IMG_8667.JPG,2848,4272
point,1430,1754,LRE504055180800401088_IMG_8667.JPG,2848,4272
point,1430,2106,LRE504055180800401088_IMG_8667.JPG,2848,4272
point,1430,2453,LRE504055180800401088_IMG_8667.JPG,2848,4272
point,1427,2799,LRE504055180800401088_IMG_8667.JPG,2848,4272
point,1427,3149,LRE504055180800401088_IMG_8667.JPG,2848,4272
point,1425,3487,LRE504055180800401088_IMG_8667.JPG,2848,4272
point,1425,3824,LRE504055180800401088_IMG_8667.JPG,2848,4272
point,1081,3827,LRE504055180800401088_IMG_8667.JPG,2848,4272
point,737,3821,LRE504055180800401088_IMG_8667.JPG,2848,4272
point,734,3483,LRE504055180800401088_IMG_8667.JPG,2848,4272
point,1081,3485,LRE504055180800401088_IMG_8667.JPG,2848,4272
point,1081,3147,LRE504055180800401088_IMG_8667.JPG,2848,4272
point,732,3142,LRE504055180800401088_IMG_8667.JPG,2848,4272
point,732,2798,LRE504055180800401088_IMG_8667.JPG,2848,4272
point,1078,2803,LRE504055180800401088_IMG_8667.JPG,2848,4272
point,1078,2454,LRE504055180800401088_IMG_8667.JPG,2848,4272
point,729,2454,LRE504055180800401088_IMG_8667.JPG,2848,4272
point,729,2104,LRE504055180800401088_IMG_8667.JPG,2848,4272
point,1078,2104,LRE504055180800401088_IMG_8667.JPG,2848,4272
point,1081,1760,LRE504055180800401088_IMG_8667.JPG,2848,4272
point,732,1758,LRE504055180800401088_IMG_8667.JPG,2848,4272
point,732,1411,LRE504055180800401088_IMG_8667.JPG,2848,4272
point,734,1064,LRE504055180800401088_IMG_8667.JPG,2848,4272
point,1081,1064,LRE504055180800401088_IMG_8667.JPG,2848,4272
point,1081,1408,LRE504055180800401088_IMG_8667.JPG,2848,4272
point,1086,720,LRE504055180800401088_IMG_8667.JPG,2848,4272
point,737,722,LRE504055180800401088_IMG_8667.JPG,2848,4272
point,399,53,LRE504055180800401088_IMG_8667.JPG,2848,4272
point,399,386,LRE504055180800401088_IMG_8667.JPG,2848,4272
point,394,722,LRE504055180800401088_IMG_8667.JPG,2848,4272
point,391,1066,LRE504055180800401088_IMG_8667.JPG,2848,4272
point,391,1410,LRE504055180800401088_IMG_8667.JPG,2848,4272
point,388,1757,LRE504055180800401088_IMG_8667.JPG,2848,4272
point,391,2098,LRE504055180800401088_IMG_8667.JPG,2848,4272
point,386,2453,LRE504055180800401088_IMG_8667.JPG,2848,4272
point,386,2797,LRE504055180800401088_IMG_8667.JPG,2848,4272
point,391,3138,LRE504055180800401088_IMG_8667.JPG,2848,4272
point,394,3480,LRE504055180800401088_IMG_8667.JPG,2848,4272
point,396,3819,LRE504055180800401088_IMG_8667.JPG,2848,4272
point,738,4152,LRE504055180800401088_IMG_8667.JPG,2848,4272
point,399,4150,LRE504055180800401088_IMG_8667.JPG,2848,4272
point,1079,4158,LRE504055180800401088_IMG_8667.JPG,2848,4272
point,1426,4158,LRE504055180800401088_IMG_8667.JPG,2848,4272
point,1770,4155,LRE504055180800401088_IMG_8667.JPG,2848,4272
point,2114,4150,LRE504055180800401088_IMG_8667.JPG,2848,4272
point,2450,4152,LRE504055180800401088_IMG_8667.JPG,2848,4272
point,2455,3821,LRE504055180800401088_IMG_8667.JPG,2848,4272
point,2458,3483,LRE504055180800401088_IMG_8667.JPG,2848,4272
point,2463,3142,LRE504055180800401088_IMG_8667.JPG,2848,4272
point,2465,2800,LRE504055180800401088_IMG_8667.JPG,2848,4272
point,2468,2454,LRE504055180800401088_IMG_8667.JPG,2848,4272
point,2468,2107,LRE504055180800401088_IMG_8667.JPG,2848,4272
point,2468,1760,LRE504055180800401088_IMG_8667.JPG,2848,4272
point,2468,1416,LRE504055180800401088_IMG_8667.JPG,2848,4272
point,2465,1070,LRE504055180800401088_IMG_8667.JPG,2848,4272
point,2465,728,LRE504055180800401088_IMG_8667.JPG,2848,4272
point,2460,389,LRE504055180800401088_IMG_8667.JPG,2848,4272
point,2460,58,LRE504055180800401088_IMG_8667.JPG,2848,4272
point,2119,53,LRE504055180800401088_IMG_8667.JPG,2848,4272
point,1778,48,LRE504055180800401088_IMG_8667.JPG,2848,4272
point,1431,48,LRE504055180800401088_IMG_8667.JPG,2848,4272
point,1087,50,LRE504055180800401088_IMG_8667.JPG,2848,4272
point,743,50,LRE504055180800401088_IMG_8667.JPG,2848,4272
